{"pair_id": 10, "titration_counter": 1, "chamber": "1", "threshold": 0.01224534069626984, "threshold_list": [0.1, 0.06677916831254488, 0.037023035423874584, 0.01080578273018798, -0.011917346523285605, 0.024875537735669, 0.007897557978146327, 0.031937760968520565, 0.018406625350807157, 0.005807120472187455, 0.02392484527991981, 0.013395593998297678, 0.0037352663390562424, 0.018331143533090677, 0.009644841546516056, 0.022010547869510358, 0.014441500113981529, 0.007287179860243673, 0.017918144801130742, 0.01130416492136771, 0.005244722651633754, 0.014579919782818113, 0.008910194639307312, 0.017308238972046655, 0.011980095647799768, 0.007025794484181627, 0.014593131305134621, 0.009900241442397359, 0.016846944760365454, 0.012388997671824512, 0.008199688715186088, 0.014566989662404273, 0.010565022569929347, 0.006616130718940655, 0.012498867732610844, 0.008873257822400768, 0.014377183338835864, 0.010892039565532655, 0.007577168733580178, 0.012709359687625266, 0.009511786428785349, 0.014354683792493342, 0.011266492283671561, 0.008313544715699214, 0.012865908457306036, 0.010006125574751654, 0.00714107001688806, 0.011439057058788393, 0.008778506248181828, 0.01287254274144961, 0.010287637403601863, 0.007688395231773018, 0.011575293983557097, 0.009154510116787445, 0.012874321764738017, 0.01051617294636649, 0.008239034375264909, 0.011784428693375426, 0.00956262056028824, 0.007316659941491277, 0.010705354140877393, 0.008606311409323178, 0.01186759628016805, 0.009815572786736018, 0.0077363963384386725, 0.010864512034084242, 0.008917737887362928, 0.011937174079191606, 0.010030848382850677, 0.01294906978959419, 0.011081607526478715, 0.009265691177074722, 0.01207522400057151, 0.0102945167255893, 0.00848345880558822, 0.011193469565075262, 0.00949265045818709, 0.0077604060957154886, 0.01037765393108861, 0.00874998103124626, 0.011290930046621614, 0.009691492059679688, 0.012160556045556506, 0.010588434512853823, 0.013183427232977635, 0.011636773712319443, 0.010125785451250618, 0.008582902772772669, 0.010897033599532993, 0.009444072721897706, 0.011698486357176324, 0.010268047641201206, 0.012465807731430079, 0.011057236217307129, 0.009678444839865422, 0.011813839449602792, 0.014075845632364331, 0.012708391256906884, 0.011368872049794282, 0.013566353382146346]}