{"pair_id": 10, "titration_counter": 1, "chamber": "1", "threshold": 0.007612383966450302, "threshold_list": [0.000999999999999993, 0.05586183736128855, 0.030176049216293764, 0.007534593312938863, 0.03848304622372998, 0.02122507588904813, 0.005767335936765278, 0.02756239024177724, 0.01494742621928882, 0.0036642341607124244, 0.020561550963713735, 0.010561165491157643, 0.02457224833112559, 0.015954985393161984, 0.007930951476537766, 0.019756089842150475, 0.012396499917440212, 0.005726653041102899, 0.015968329748030998, 0.009761339291196932, 0.0038090663857164803, 0.012852377384042102, 0.007501068967808995, 0.015673112386237344, 0.010621904823437056, 0.005709378014918846, 0.013098899556478836, 0.008632768464508564, 0.015435124450485518, 0.01117896937133956, 0.006997581734591674, 0.013247930577269543, 0.009416607376373492, 0.015244081042739326, 0.011567747912115577, 0.00792840276668393, 0.013345302495650857, 0.00999125216360133, 0.006655272311074579, 0.011715026651076405, 0.008632417998197944, 0.005553905890224986, 0.010300270092355294, 0.007321086320928752, 0.011824574025780066, 0.009061080766211031, 0.013342468766655749, 0.010659693046592679, 0.007966777007226826, 0.00537558824904489, 0.009404785134082126, 0.006883976717577727, 0.004453117723814423, 0.008283223161389046, 0.005914200456745737, 0.009585041412883792, 0.007274877762694006, 0.010799490385081698, 0.008545408464994667, 0.01193526207980906, 0.00982812150991784, 0.007695057800334061, 0.010940800998009776, 0.008855585086207759, 0.011986881314858224, 0.01003407466028429, 0.008052897563488828, 0.006127995220863392, 0.009120873894468171, 0.012030314669700105, 0.010210796535524657, 0.013026705085850823, 0.011242231187898306, 0.009427999974621015, 0.007660968977067995, 0.01036409353709285, 0.00862990016438809, 0.011253350352431246, 0.00955083550344096, 0.007890021137102483, 0.006269166798224539, 0.008795526625567596, 0.00720222065340714, 0.0056458598872581155, 0.008092188968213784, 0.006561190469942621, 0.008942052241478114, 0.007435639033016405, 0.009754516704628475, 0.008271944206677394, 0.006821360117550293, 0.009072600294828922, 0.007644092135683794, 0.006245398499672356, 0.008432818762394618, 0.007054621777652192, 0.009189648445047997, 0.007831383598084453, 0.00650011834264643, 0.00857763934777431, 0.010615197874447858, 0.00929518733250995, 0.008000581407072277, 0.006730540739134816, 0.008708695144681988, 0.007455562806319783, 0.009390834621363899, 0.00815418761506263, 0.010048430132200234, 0.008827859797254825, 0.00762911646459736, 0.009477918433257761, 0.008294263126262708, 0.0101056066942848, 0.008936681618484741, 0.00778780196375348, 0.006658375850820002, 0.005547835881477951, 0.007306456377140095, 0.009036451272456277, 0.010738848654536136, 0.009630617115298085, 0.011301261474600515, 0.010252913173330346, 0.009174906452390802, 0.008113982113882142, 0.009743817594426944, 0.008694719434881605, 0.00766184209846438, 0.009257895001554162, 0.008236214589077733, 0.00722995667031054, 0.008793596397108323, 0.00779795421998931, 0.00933474438308364, 0.008349507978864155, 0.007378625104408607, 0.00888533527783774, 0.007924336692260711, 0.009406111557177417, 0.008454808591613999, 0.007516897597991007, 0.00897068225264001, 0.008041997187416902, 0.009472562971480622, 0.010884322877159142, 0.009961022446360792, 0.00905028297921066, 0.010436601116307485, 0.009534589630852068, 0.008644592714959886, 0.010006368951087915, 0.009124698974853889, 0.01046610900164165, 0.009592619253156506, 0.008730404605162207, 0.010048819666243648, 0.009194420892405717, 0.008350831519044366, 0.00751781461182132, 0.008810911690885978, 0.007985169060271231, 0.009259879359006608, 0.010519674509561348, 0.009698139300813053, 0.008886591238410319, 0.010126076535823123, 0.009321453884276864, 0.00852642935799542, 0.007740804394322683, 0.008957864916816896, 0.008178712091143747, 0.009379480227574052, 0.00860669975696279, 0.009791612515208364, 0.00902510666625509, 0.010194583480062178, 0.00943425652662807, 0.008682509168564615, 0.007939173357276952, 0.00908864926647849, 0.008351109192754917, 0.009486048423912274, 0.010609185808473212, 0.009874990549344952, 0.009148789849468136, 0.010255747184216426, 0.00953509337692483, 0.008822154555146445, 0.009913391519790656, 0.009205794549041912, 0.010283934619842741, 0.009581604300048892, 0.008886604868271659, 0.00819880334710548, 0.009259902441092753, 0.008577064848164374, 0.007901185821796324, 0.00894783192163415, 0.008276742487383821]}