{"titration_counter": 3, "chamber": "2", "threshold": 0.2559300746147438, "threshold_list": [0.5, 0.4107667191797507, 0.3469551211029712, 0.2973567093626327, 0.2552372660906621, 0.2185297679183072, 0.18472101372204602, 0.15436463901335856, 0.22602019568967063, 0.27045223942590546]}