{"subject1": {"chambername": 1, "threshold": 0.30518441537057106, "threshold_list": [0.5, 0.4107667191797507, 0.3469551211029712, 0.2973567093626327, 0.2552372660906621, 0.2185297679183072, 0.2987027695292853, 0.3487678477914614, 0.3320425728800995, 0.3180622353539899]}, "subject2": {"chambername": 2, "threshold": 0, "threshold_list": []}}