{"pair_id": 10, "titration_counter": 1, "chamber": "1", "threshold": 0.010448249144210553, "threshold_list": [0.1, 0.06677916831254488, 0.037023035423874584, 0.01080578273018798, -0.011917346523285605, 0.024875537735669, 0.007897557978146327, 0.031937760968520565, 0.018406625350807157, 0.005807120472187455, -0.0055889822230804215, 0.012506676071724523, 0.002878563780837562, 0.017569934011785027, 0.008908569174388647, 0.021343279108513274, 0.013795169810516025, 0.006660495636757274, 0.017340520076777874, 0.010742690592099771, 0.02020901549666787, 0.014070811473302636, 0.008414339813419866, 0.016842221090672974, 0.011525381411184366, 0.006582080037741286, 0.01417302467014156, 0.009489653624400463, 0.016456394989976753, 0.012006773875687493, 0.007825561636930933, 0.014209351856888708, 0.010214542655462816, 0.016154347570394592, 0.012330036566770078, 0.01832563373558871, 0.01465363530069122, 0.011167304317169655, 0.007851242989285412, 0.012968049301351106, 0.009769393979651306, 0.0065793486384273375, 0.011377353804002857, 0.008425454640903968, 0.01296992078895988, 0.010111093309931568, 0.014428205213364145, 0.011656861080612993, 0.00899547591921157, 0.006321251212725101, 0.010381887919495264, 0.0077835228644833054, 0.011664683813881416, 0.00924458529499711, 0.012959207713651874, 0.010601694494179817, 0.008325169408736718, 0.011865826172841876, 0.00964458954420977, 0.013046429894681702, 0.010877943683690189, 0.008778330039549948, 0.012033578612151305, 0.009981020089127796, 0.013118772889364, 0.011111277193448413, 0.014383479012799086, 0.012417684732915726, 0.010508544293947014, 0.013647723315325822, 0.01177623200624231, 0.014808055713489088, 0.012972855251268178, 0.011187126010380022, 0.00944860441477502, 0.012135285253529263, 0.010429060532865589, 0.013245511610254793, 0.011569328344581686, 0.009934824284280525, 0.008268691334914799, 0.010773063100172925, 0.009206195643606516, 0.011640648068863932, 0.010099989167818804, 0.008527450583493537, 0.01088674472755198, 0.009406347568069337, 0.011703556376011781, 0.010246554863536775, 0.012484926965762866, 0.011050626235444103, 0.009647155712423819, 0.011820890989345079, 0.014122556765278127, 0.012730907165069444, 0.011368145329945248, 0.010033244529962862, 0.008666546517375223, 0.010719215864402831, 0.009429854833834989, 0.01143544672611288, 0.010163822702763586, 0.008860745350835864, 0.007582088192329986, 0.009529955707089768, 0.011442191041956984, 0.010228491172250137, 0.008983731763168204, 0.010849197118120033, 0.009673283875778219, 0.011499844492645045, 0.010338680702153616, 0.009197967974639593, 0.008026366933639839, 0.009804216516927589, 0.00864719014059595, 0.0075095344754884386, 0.009247427907003045, 0.010957020277094456, 0.009876206506176072, 0.008765396743365156, 0.010437476495155085, 0.009386772690244405, 0.011027562690049814, 0.009988615371223586, 0.01159928525488177, 0.010571849512170287, 0.009560491295635104, 0.011137341269620848, 0.010136878950005077, 0.009107496989250952, 0.010652363698720926, 0.009677758513492285, 0.008674425962742899, 0.010188577279445332, 0.00919593679410026, 0.010684820240309506, 0.012272180153245965, 0.011327419158511515, 0.010396255250037331, 0.011951513510576037, 0.011029231671779285, 0.010119929555977014, 0.009183043886838799, 0.010589585683757355, 0.012090375691058891, 0.011198404371601994, 0.010318578317556795, 0.01179063639124367, 0.010918735320053802, 0.012366964785140974, 0.011502862607828637, 0.010650154018382457, 0.009808578995978132, 0.011119906667256263, 0.010285876354573634, 0.011682844276730484, 0.01085593339127705, 0.010039492401057448, 0.009197063809017789, 0.010463222282879547, 0.009664103062750645, 0.010912279717102555, 0.0122462064329881, 0.011450624506439064, 0.010664723204868012, 0.011975895420806959, 0.011196321728987199, 0.010426055610168863, 0.011715236737246254, 0.010951043680880929, 0.010195806242525862, 0.009449342389463669, 0.010619289896088693, 0.009878755030935257, 0.011033341185624171, 0.010298648067283894, 0.01153089219561089, 0.01080172051370372, 0.012017238408619249, 0.011293515187061523, 0.010577823313568976, 0.009870008077172976, 0.009138395800727936, 0.008414620262702538, 0.009514531580729804, 0.008796317277721205, 0.00808566890960831, 0.009170118212862358, 0.008464826958472185, 0.009536270371581126, 0.008836258959573531, 0.009895010635848897, 0.010943337528965105, 0.010276296791926653, 0.011396528174416984, 0.010734033595071746, 0.010078299629665305, 0.011099403243574377]}